domain,email,first,last,middle
gmail.com,kevin@gmail.com,kevin,hill,andrew
gmail.com,hill@gmail.com,kevin,hill,andrew
gmail.com,kevinhill@gmail.com,kevin,hill,andrew
gmail.com,kevin.hill@gmail.com,kevin,hill,andrew
gmail.com,khill@gmail.com,kevin,hill,andrew
gmail.com,k.hill@gmail.com,kevin,hill,andrew
gmail.com,kevinh@gmail.com,kevin,hill,andrew
gmail.com,kevin.h@gmail.com,kevin,hill,andrew
gmail.com,kh@gmail.com,kevin,hill,andrew
gmail.com,k.h@gmail.com,kevin,hill,andrew
gmail.com,hillkevin@gmail.com,kevin,hill,andrew
gmail.com,hill.kevin@gmail.com,kevin,hill,andrew
gmail.com,hillk@gmail.com,kevin,hill,andrew
gmail.com,hill.k@gmail.com,kevin,hill,andrew
gmail.com,hkevin@gmail.com,kevin,hill,andrew
gmail.com,h.kevin@gmail.com,kevin,hill,andrew
gmail.com,hk@gmail.com,kevin,hill,andrew
gmail.com,h.k@gmail.com,kevin,hill,andrew
gmail.com,kevin-hill@gmail.com,kevin,hill,andrew
gmail.com,k-hill@gmail.com,kevin,hill,andrew
gmail.com,kevin-h@gmail.com,kevin,hill,andrew
gmail.com,k-h@gmail.com,kevin,hill,andrew
gmail.com,hill-kevin@gmail.com,kevin,hill,andrew
gmail.com,hill-k@gmail.com,kevin,hill,andrew
gmail.com,h-kevin@gmail.com,kevin,hill,andrew
gmail.com,h-k@gmail.com,kevin,hill,andrew
gmail.com,kevin_hill@gmail.com,kevin,hill,andrew
gmail.com,k_hill@gmail.com,kevin,hill,andrew
gmail.com,kevin_h@gmail.com,kevin,hill,andrew
gmail.com,k_h@gmail.com,kevin,hill,andrew
gmail.com,hill_kevin@gmail.com,kevin,hill,andrew
gmail.com,hill_k@gmail.com,kevin,hill,andrew
gmail.com,h_kevin@gmail.com,kevin,hill,andrew
gmail.com,h_k@gmail.com,kevin,hill,andrew
gmail.com,kahill@gmail.com,kevin,hill,andrew
gmail.com,ka.hill@gmail.com,kevin,hill,andrew
gmail.com,kevinahill@gmail.com,kevin,hill,andrew
gmail.com,kevin.a.hill@gmail.com,kevin,hill,andrew
gmail.com,kevinandrewhill@gmail.com,kevin,hill,andrew
gmail.com,kevin.andrew.hill@gmail.com,kevin,hill,andrew
gmail.com,ka-hill@gmail.com,kevin,hill,andrew
gmail.com,kevin-a-hill@gmail.com,kevin,hill,andrew
gmail.com,kevin-andrew-hill@gmail.com,kevin,hill,andrew
gmail.com,k_a_hill@gmail.com,kevin,hill,andrew
gmail.com,kevin_a_hill@gmail.com,kevin,hill,andrew
gmail.com,kevin_andrew_hill@gmail.com,kevin,hill,andrew
gmail.com,kah.kevin.hill@gmail.com,kevin,hill,andrew
